{
    "$schema": "https://schema.management.azure.com/schemas/2015-01-01/deploymentParameters.json#",
    "contentVersion": "1.0.0.0",
    "parameters": {
        "location": {
            "value": "uksouth"
        },
        "networkInterfaceName": {
            "value": "backenddatabaseserve772"
        },
        "networkSecurityGroupName": {
            "value": "BackEndDatabaseServer-nsg"
        },
        "networkSecurityGroupRules": {
            "value": [
                {
                    "name": "default-allow-ssh",
                    "properties": {
                        "priority": 1000,
                        "protocol": "TCP",
                        "access": "Allow",
                        "direction": "Inbound",
                        "sourceApplicationSecurityGroups": [],
                        "destinationApplicationSecurityGroups": [],
                        "sourceAddressPrefix": "*",
                        "sourcePortRange": "*",
                        "destinationAddressPrefix": "*",
                        "destinationPortRange": "22"
                    }
                }
            ]
        },
        "subnetName": {
            "value": "blogs-subnet-backend"
        },
        "virtualNetworkId": {
            "value": "/subscriptions/4ca27440-4053-487c-b024-37a2d898d6da/resourceGroups/blog-rg/providers/Microsoft.Network/virtualNetworks/blogs-vnet"
        },
        "virtualMachineName": {
            "value": "BackEndDatabaseServer"
        },
        "virtualMachineRG": {
            "value": "blog-rg"
        },
        "osDiskType": {
            "value": "Standard_LRS"
        },
        "dataDisks": {
            "value": [
                {
                    "lun": 0,
                    "createOption": "attach",
                    "caching": "None",
                    "writeAcceleratorEnabled": false,
                    "id": null,
                    "name": "BackEndDatabaseServer_DataDisk_0",
                    "storageAccountType": null,
                    "diskSizeGB": null
                }
            ]
        },
        "dataDiskResources": {
            "value": [
                {
                    "name": "BackEndDatabaseServer_DataDisk_0",
                    "diskSizeGB": 200,
                    "sku": "Standard_LRS",
                    "creationData": {
                        "createOption": "empty"
                    }
                }
            ]
        },
        "virtualMachineSize": {
            "value": "Standard_B1ms"
        },
        "adminUsername": {
            "value": "ninadk"
        },
        "adminPassword": {
            "value": null
        },
        "diagnosticsStorageAccountName": {
            "value": "backenddatabaseserver"
        },
        "diagnosticsStorageAccountId": {
            "value": "/subscriptions/4ca27440-4053-487c-b024-37a2d898d6da/resourceGroups/blog-rg/providers/Microsoft.Storage/storageAccounts/backenddatabaseserver"
        }
    }
}